Campaign,Add Group Name,Keyword,Match Type,Ad Group Negatives,Campaign Negatives
Bay Area Deck,Deck Repair and Maintenance,[deck repair],Exact,siding|fence|gazebo|arbor|trellis|pergola|furniture|brick|concrete|masonry|stone,how to|diy|tutorial|instructions|jobs|job|careers|salary|home depot|lowes|menards|amazon|supplies|materials|kits|prefab|prebuilt|cheap|free|reddit|youtube|plastic|pvc|vinyl|resin|synthetic|composite|engineered|polywood|fiber cement|fibre cement|hardie|hardiplank|james hardie|lp smartside|trex|timbertech|azek|fiberon|evergrain|metal|aluminum|aluminium|steel|iron|wrought iron
Bay Area Deck,Deck Repair and Maintenance,[deck restoration],Exact,siding|fence|gazebo|arbor|trellis|pergola|furniture|brick|concrete|masonry|stone,how to|diy|tutorial|instructions|jobs|job|careers|salary|home depot|lowes|menards|amazon|supplies|materials|kits|prefab|prebuilt|cheap|free|reddit|youtube|plastic|pvc|vinyl|resin|synthetic|composite|engineered|polywood|fiber cement|fibre cement|hardie|hardiplank|james hardie|lp smartside|trex|timbertech|azek|fiberon|evergrain|metal|aluminum|aluminium|steel|iron|wrought iron
Bay Area Deck,Deck Repair and Maintenance,[deck maintenance],Exact,siding|fence|gazebo|arbor|trellis|pergola|furniture|brick|concrete|masonry|stone,how to|diy|tutorial|instructions|jobs|job|careers|salary|home depot|lowes|menards|amazon|supplies|materials|kits|prefab|prebuilt|cheap|free|reddit|youtube|plastic|pvc|vinyl|resin|synthetic|composite|engineered|polywood|fiber cement|fibre cement|hardie|hardiplank|james hardie|lp smartside|trex|timbertech|azek|fiberon|evergrain|metal|aluminum|aluminium|steel|iron|wrought iron
Bay Area Deck,Deck Repair and Maintenance,"""deck resurfacing""",Phrase,siding|fence|gazebo|arbor|trellis|pergola|furniture|brick|concrete|masonry|stone,how to|diy|tutorial|instructions|jobs|job|careers|salary|home depot|lowes|menards|amazon|supplies|materials|kits|prefab|prebuilt|cheap|free|reddit|youtube|plastic|pvc|vinyl|resin|synthetic|composite|engineered|polywood|fiber cement|fibre cement|hardie|hardiplank|james hardie|lp smartside|trex|timbertech|azek|fiberon|evergrain|metal|aluminum|aluminium|steel|iron|wrought iron
Bay Area Deck,Deck Finishing and Protection,[deck refinishing],Exact,siding|fence|gazebo|arbor|trellis|pergola|furniture|brick|concrete|masonry|stone,how to|diy|tutorial|instructions|jobs|job|careers|salary|home depot|lowes|menards|amazon|supplies|materials|kits|prefab|prebuilt|cheap|free|reddit|youtube|plastic|pvc|vinyl|resin|synthetic|composite|engineered|polywood|fiber cement|fibre cement|hardie|hardiplank|james hardie|lp smartside|trex|timbertech|azek|fiberon|evergrain|metal|aluminum|aluminium|steel|iron|wrought iron
Bay Area Deck,Deck Finishing and Protection,"""deck sealing""",Phrase,siding|fence|gazebo|arbor|trellis|pergola|furniture|brick|concrete|masonry|stone,how to|diy|tutorial|instructions|jobs|job|careers|salary|home depot|lowes|menards|amazon|supplies|materials|kits|prefab|prebuilt|cheap|free|reddit|youtube|plastic|pvc|vinyl|resin|synthetic|composite|engineered|polywood|fiber cement|fibre cement|hardie|hardiplank|james hardie|lp smartside|trex|timbertech|azek|fiberon|evergrain|metal|aluminum|aluminium|steel|iron|wrought iron
Bay Area Deck,Deck Finishing and Protection,"""deck staining""",Phrase,siding|fence|gazebo|arbor|trellis|pergola|furniture|brick|concrete|masonry|stone,how to|diy|tutorial|instructions|jobs|job|careers|salary|home depot|lowes|menards|amazon|supplies|materials|kits|prefab|prebuilt|cheap|free|reddit|youtube|plastic|pvc|vinyl|resin|synthetic|composite|engineered|polywood|fiber cement|fibre cement|hardie|hardiplank|james hardie|lp smartside|trex|timbertech|azek|fiberon|evergrain|metal|aluminum|aluminium|steel|iron|wrought iron
Bay Area Deck,Premium Wood Deck Restoration,"""redwood deck""",Phrase,siding|fence|gazebo|arbor|trellis|pergola|furniture|brick|concrete|masonry|stone,how to|diy|tutorial|instructions|jobs|job|careers|salary|home depot|lowes|menards|amazon|supplies|materials|kits|prefab|prebuilt|cheap|free|reddit|youtube|plastic|pvc|vinyl|resin|synthetic|composite|engineered|polywood|fiber cement|fibre cement|hardie|hardiplank|james hardie|lp smartside|trex|timbertech|azek|fiberon|evergrain|metal|aluminum|aluminium|steel|iron|wrought iron
Bay Area Deck,Premium Wood Deck Restoration,"""cedar deck""",Phrase,siding|fence|gazebo|arbor|trellis|pergola|furniture|brick|concrete|masonry|stone,how to|diy|tutorial|instructions|jobs|job|careers|salary|home depot|lowes|menards|amazon|supplies|materials|kits|prefab|prebuilt|cheap|free|reddit|youtube|plastic|pvc|vinyl|resin|synthetic|composite|engineered|polywood|fiber cement|fibre cement|hardie|hardiplank|james hardie|lp smartside|trex|timbertech|azek|fiberon|evergrain|metal|aluminum|aluminium|steel|iron|wrought iron
Bay Area Deck,Premium Wood Deck Restoration,"""ipe deck""",Phrase,siding|fence|gazebo|arbor|trellis|pergola|furniture|brick|concrete|masonry|stone,how to|diy|tutorial|instructions|jobs|job|careers|salary|home depot|lowes|menards|amazon|supplies|materials|kits|prefab|prebuilt|cheap|free|reddit|youtube|plastic|pvc|vinyl|resin|synthetic|composite|engineered|polywood|fiber cement|fibre cement|hardie|hardiplank|james hardie|lp smartside|trex|timbertech|azek|fiberon|evergrain|metal|aluminum|aluminium|steel|iron|wrought iron
Bay Area Deck,Premium Wood Deck Restoration,"""teak deck""",Phrase,siding|fence|gazebo|arbor|trellis|pergola|furniture|brick|concrete|masonry|stone,how to|diy|tutorial|instructions|jobs|job|careers|salary|home depot|lowes|menards|amazon|supplies|materials|kits|prefab|prebuilt|cheap|free|reddit|youtube|plastic|pvc|vinyl|resin|synthetic|composite|engineered|polywood|fiber cement|fibre cement|hardie|hardiplank|james hardie|lp smartside|trex|timbertech|azek|fiberon|evergrain|metal|aluminum|aluminium|steel|iron|wrought iron
Bay Area  Siding,Siding Repair and Maintenance,[wood siding repair],Exact,deck|fence|gazebo|arbor|trellis|pergola|furniture|brick|concrete|masonry|stone,how to|diy|tutorial|instructions|jobs|job|careers|salary|home depot|lowes|menards|amazon|supplies|materials|kits|prefab|prebuilt|cheap|free|reddit|youtube|plastic|pvc|vinyl|resin|synthetic|composite|engineered|polywood|fiber cement|fibre cement|hardie|hardiplank|james hardie|lp smartside|trex|timbertech|azek|fiberon|evergrain|metal|aluminum|aluminium|steel|iron|wrought iron
Bay Area  Siding,Siding Repair and Maintenance,[wood siding restoration],Exact,deck|fence|gazebo|arbor|trellis|pergola|furniture|brick|concrete|masonry|stone,how to|diy|tutorial|instructions|jobs|job|careers|salary|home depot|lowes|menards|amazon|supplies|materials|kits|prefab|prebuilt|cheap|free|reddit|youtube|plastic|pvc|vinyl|resin|synthetic|composite|engineered|polywood|fiber cement|fibre cement|hardie|hardiplank|james hardie|lp smartside|trex|timbertech|azek|fiberon|evergrain|metal|aluminum|aluminium|steel|iron|wrought iron
Bay Area  Siding,Siding Repair and Maintenance,[wood siding maintenance],Exact,deck|fence|gazebo|arbor|trellis|pergola|furniture|brick|concrete|masonry|stone,how to|diy|tutorial|instructions|jobs|job|careers|salary|home depot|lowes|menards|amazon|supplies|materials|kits|prefab|prebuilt|cheap|free|reddit|youtube|plastic|pvc|vinyl|resin|synthetic|composite|engineered|polywood|fiber cement|fibre cement|hardie|hardiplank|james hardie|lp smartside|trex|timbertech|azek|fiberon|evergrain|metal|aluminum|aluminium|steel|iron|wrought iron
Bay Area  Siding,Siding Repair and Maintenance,"""wood siding sealing""",Phrase,deck|fence|gazebo|arbor|trellis|pergola|furniture|brick|concrete|masonry|stone,how to|diy|tutorial|instructions|jobs|job|careers|salary|home depot|lowes|menards|amazon|supplies|materials|kits|prefab|prebuilt|cheap|free|reddit|youtube|plastic|pvc|vinyl|resin|synthetic|composite|engineered|polywood|fiber cement|fibre cement|hardie|hardiplank|james hardie|lp smartside|trex|timbertech|azek|fiberon|evergrain|metal|aluminum|aluminium|steel|iron|wrought iron
Bay Area  Siding,Siding Repair and Maintenance,"""wood siding staining""",Phrase,deck|fence|gazebo|arbor|trellis|pergola|furniture|brick|concrete|masonry|stone,how to|diy|tutorial|instructions|jobs|job|careers|salary|home depot|lowes|menards|amazon|supplies|materials|kits|prefab|prebuilt|cheap|free|reddit|youtube|plastic|pvc|vinyl|resin|synthetic|composite|engineered|polywood|fiber cement|fibre cement|hardie|hardiplank|james hardie|lp smartside|trex|timbertech|azek|fiberon|evergrain|metal|aluminum|aluminium|steel|iron|wrought iron
Bay Area  Siding,Siding Refinishing and Protection,[wood siding refinishing],Exact,deck|fence|gazebo|arbor|trellis|pergola|furniture|brick|concrete|masonry|stone,how to|diy|tutorial|instructions|jobs|job|careers|salary|home depot|lowes|menards|amazon|supplies|materials|kits|prefab|prebuilt|cheap|free|reddit|youtube|plastic|pvc|vinyl|resin|synthetic|composite|engineered|polywood|fiber cement|fibre cement|hardie|hardiplank|james hardie|lp smartside|trex|timbertech|azek|fiberon|evergrain|metal|aluminum|aluminium|steel|iron|wrought iron
Bay Area  Siding,Siding Refinishing and Protection,"""shingle siding refinishing""",Phrase,deck|fence|gazebo|arbor|trellis|pergola|furniture|brick|concrete|masonry|stone,how to|diy|tutorial|instructions|jobs|job|careers|salary|home depot|lowes|menards|amazon|supplies|materials|kits|prefab|prebuilt|cheap|free|reddit|youtube|plastic|pvc|vinyl|resin|synthetic|composite|engineered|polywood|fiber cement|fibre cement|hardie|hardiplank|james hardie|lp smartside|trex|timbertech|azek|fiberon|evergrain|metal|aluminum|aluminium|steel|iron|wrought iron
Bay Area  Siding,Siding Refinishing and Protection,"""shingle siding sealing""",Phrase,deck|fence|gazebo|arbor|trellis|pergola|furniture|brick|concrete|masonry|stone,how to|diy|tutorial|instructions|jobs|job|careers|salary|home depot|lowes|menards|amazon|supplies|materials|kits|prefab|prebuilt|cheap|free|reddit|youtube|plastic|pvc|vinyl|resin|synthetic|composite|engineered|polywood|fiber cement|fibre cement|hardie|hardiplank|james hardie|lp smartside|trex|timbertech|azek|fiberon|evergrain|metal|aluminum|aluminium|steel|iron|wrought iron
Bay Area  Siding,Siding Refinishing and Protection,"""shingle siding staining""",Phrase,deck|fence|gazebo|arbor|trellis|pergola|furniture|brick|concrete|masonry|stone,how to|diy|tutorial|instructions|jobs|job|careers|salary|home depot|lowes|menards|amazon|supplies|materials|kits|prefab|prebuilt|cheap|free|reddit|youtube|plastic|pvc|vinyl|resin|synthetic|composite|engineered|polywood|fiber cement|fibre cement|hardie|hardiplank|james hardie|lp smartside|trex|timbertech|azek|fiberon|evergrain|metal|aluminum|aluminium|steel|iron|wrought iron
Bay Area  Siding,Premium Wood Siding,"""redwood siding""",Phrase,deck|fence|gazebo|arbor|trellis|pergola|furniture|brick|concrete|masonry|stone,how to|diy|tutorial|instructions|jobs|job|careers|salary|home depot|lowes|menards|amazon|supplies|materials|kits|prefab|prebuilt|cheap|free|reddit|youtube|plastic|pvc|vinyl|resin|synthetic|composite|engineered|polywood|fiber cement|fibre cement|hardie|hardiplank|james hardie|lp smartside|trex|timbertech|azek|fiberon|evergrain|metal|aluminum|aluminium|steel|iron|wrought iron
Bay Area  Siding,Premium Wood Siding,"""cedar siding""",Phrase,deck|fence|gazebo|arbor|trellis|pergola|furniture|brick|concrete|masonry|stone,how to|diy|tutorial|instructions|jobs|job|careers|salary|home depot|lowes|menards|amazon|supplies|materials|kits|prefab|prebuilt|cheap|free|reddit|youtube|plastic|pvc|vinyl|resin|synthetic|composite|engineered|polywood|fiber cement|fibre cement|hardie|hardiplank|james hardie|lp smartside|trex|timbertech|azek|fiberon|evergrain|metal|aluminum|aluminium|steel|iron|wrought iron
Bay Area  Siding,Premium Wood Siding,"""ipe siding""",Phrase,deck|fence|gazebo|arbor|trellis|pergola|furniture|brick|concrete|masonry|stone,how to|diy|tutorial|instructions|jobs|job|careers|salary|home depot|lowes|menards|amazon|supplies|materials|kits|prefab|prebuilt|cheap|free|reddit|youtube|plastic|pvc|vinyl|resin|synthetic|composite|engineered|polywood|fiber cement|fibre cement|hardie|hardiplank|james hardie|lp smartside|trex|timbertech|azek|fiberon|evergrain|metal|aluminum|aluminium|steel|iron|wrought iron
Bay Area  Siding,Premium Wood Siding,"""hardwood siding""",Phrase,deck|fence|gazebo|arbor|trellis|pergola|furniture|brick|concrete|masonry|stone,how to|diy|tutorial|instructions|jobs|job|careers|salary|home depot|lowes|menards|amazon|supplies|materials|kits|prefab|prebuilt|cheap|free|reddit|youtube|plastic|pvc|vinyl|resin|synthetic|composite|engineered|polywood|fiber cement|fibre cement|hardie|hardiplank|james hardie|lp smartside|trex|timbertech|azek|fiberon|evergrain|metal|aluminum|aluminium|steel|iron|wrought iron
Bay Area  Fence+Furniture+Exterior Structures,Fence Repair and Maintenance,[wood fence repair],Exact,deck|siding|gazebo|arbor|trellis|pergola|furniture|brick|concrete|masonry|stone,how to|diy|tutorial|instructions|jobs|job|careers|salary|home depot|lowes|menards|amazon|supplies|materials|kits|prefab|prebuilt|cheap|free|reddit|youtube|plastic|pvc|vinyl|resin|synthetic|composite|engineered|polywood|fiber cement|fibre cement|hardie|hardiplank|james hardie|lp smartside|trex|timbertech|azek|fiberon|evergrain|metal|aluminum|aluminium|steel|iron|wrought iron
Bay Area  Fence+Furniture+Exterior Structures,Fence Repair and Maintenance,[wood fence restoration],Exact,deck|siding|gazebo|arbor|trellis|pergola|furniture|brick|concrete|masonry|stone,how to|diy|tutorial|instructions|jobs|job|careers|salary|home depot|lowes|menards|amazon|supplies|materials|kits|prefab|prebuilt|cheap|free|reddit|youtube|plastic|pvc|vinyl|resin|synthetic|composite|engineered|polywood|fiber cement|fibre cement|hardie|hardiplank|james hardie|lp smartside|trex|timbertech|azek|fiberon|evergrain|metal|aluminum|aluminium|steel|iron|wrought iron
Bay Area  Fence+Furniture+Exterior Structures,Fence Repair and Maintenance,[wood fence maintenance],Exact,deck|siding|gazebo|arbor|trellis|pergola|furniture|brick|concrete|masonry|stone,how to|diy|tutorial|instructions|jobs|job|careers|salary|home depot|lowes|menards|amazon|supplies|materials|kits|prefab|prebuilt|cheap|free|reddit|youtube|plastic|pvc|vinyl|resin|synthetic|composite|engineered|polywood|fiber cement|fibre cement|hardie|hardiplank|james hardie|lp smartside|trex|timbertech|azek|fiberon|evergrain|metal|aluminum|aluminium|steel|iron|wrought iron
Bay Area  Fence+Furniture+Exterior Structures,Fence Repair and Maintenance,wood fence resurfacing,Phrase,deck|siding|gazebo|arbor|trellis|pergola|furniture|brick|concrete|masonry|stone,how to|diy|tutorial|instructions|jobs|job|careers|salary|home depot|lowes|menards|amazon|supplies|materials|kits|prefab|prebuilt|cheap|free|reddit|youtube|plastic|pvc|vinyl|resin|synthetic|composite|engineered|polywood|fiber cement|fibre cement|hardie|hardiplank|james hardie|lp smartside|trex|timbertech|azek|fiberon|evergrain|metal|aluminum|aluminium|steel|iron|wrought iron
Bay Area  Fence+Furniture+Exterior Structures,Fence Finishing and Protection,[wood fence refinishing],Exact,deck|siding|gazebo|arbor|trellis|pergola|furniture|brick|concrete|masonry|stone,how to|diy|tutorial|instructions|jobs|job|careers|salary|home depot|lowes|menards|amazon|supplies|materials|kits|prefab|prebuilt|cheap|free|reddit|youtube|plastic|pvc|vinyl|resin|synthetic|composite|engineered|polywood|fiber cement|fibre cement|hardie|hardiplank|james hardie|lp smartside|trex|timbertech|azek|fiberon|evergrain|metal|aluminum|aluminium|steel|iron|wrought iron
Bay Area  Fence+Furniture+Exterior Structures,Fence Finishing and Protection,wood fence sealing,Phrase,deck|siding|gazebo|arbor|trellis|pergola|furniture|brick|concrete|masonry|stone,how to|diy|tutorial|instructions|jobs|job|careers|salary|home depot|lowes|menards|amazon|supplies|materials|kits|prefab|prebuilt|cheap|free|reddit|youtube|plastic|pvc|vinyl|resin|synthetic|composite|engineered|polywood|fiber cement|fibre cement|hardie|hardiplank|james hardie|lp smartside|trex|timbertech|azek|fiberon|evergrain|metal|aluminum|aluminium|steel|iron|wrought iron
Bay Area  Fence+Furniture+Exterior Structures,Fence Finishing and Protection,wood fence staining,Phrase,deck|siding|gazebo|arbor|trellis|pergola|furniture|brick|concrete|masonry|stone,how to|diy|tutorial|instructions|jobs|job|careers|salary|home depot|lowes|menards|amazon|supplies|materials|kits|prefab|prebuilt|cheap|free|reddit|youtube|plastic|pvc|vinyl|resin|synthetic|composite|engineered|polywood|fiber cement|fibre cement|hardie|hardiplank|james hardie|lp smartside|trex|timbertech|azek|fiberon|evergrain|metal|aluminum|aluminium|steel|iron|wrought iron
Bay Area  Fence+Furniture+Exterior Structures,Premium Wood Fence Restoration,redwood fence,Phrase,deck|siding|gazebo|arbor|trellis|pergola|furniture|brick|concrete|masonry|stone,how to|diy|tutorial|instructions|jobs|job|careers|salary|home depot|lowes|menards|amazon|supplies|materials|kits|prefab|prebuilt|cheap|free|reddit|youtube|plastic|pvc|vinyl|resin|synthetic|composite|engineered|polywood|fiber cement|fibre cement|hardie|hardiplank|james hardie|lp smartside|trex|timbertech|azek|fiberon|evergrain|metal|aluminum|aluminium|steel|iron|wrought iron
Bay Area  Fence+Furniture+Exterior Structures,Premium Wood Fence Restoration,cedar fence,Phrase,deck|siding|gazebo|arbor|trellis|pergola|furniture|brick|concrete|masonry|stone,how to|diy|tutorial|instructions|jobs|job|careers|salary|home depot|lowes|menards|amazon|supplies|materials|kits|prefab|prebuilt|cheap|free|reddit|youtube|plastic|pvc|vinyl|resin|synthetic|composite|engineered|polywood|fiber cement|fibre cement|hardie|hardiplank|james hardie|lp smartside|trex|timbertech|azek|fiberon|evergrain|metal|aluminum|aluminium|steel|iron|wrought iron
Bay Area  Fence+Furniture+Exterior Structures,Premium Wood Fence Restoration,ipe fence,Phrase,deck|siding|gazebo|arbor|trellis|pergola|furniture|brick|concrete|masonry|stone,how to|diy|tutorial|instructions|jobs|job|careers|salary|home depot|lowes|menards|amazon|supplies|materials|kits|prefab|prebuilt|cheap|free|reddit|youtube|plastic|pvc|vinyl|resin|synthetic|composite|engineered|polywood|fiber cement|fibre cement|hardie|hardiplank|james hardie|lp smartside|trex|timbertech|azek|fiberon|evergrain|metal|aluminum|aluminium|steel|iron|wrought iron
Bay Area  Fence+Furniture+Exterior Structures,Premium Wood Fence Restoration,hardwood fence,Phrase,deck|siding|gazebo|arbor|trellis|pergola|furniture|brick|concrete|masonry|stone,how to|diy|tutorial|instructions|jobs|job|careers|salary|home depot|lowes|menards|amazon|supplies|materials|kits|prefab|prebuilt|cheap|free|reddit|youtube|plastic|pvc|vinyl|resin|synthetic|composite|engineered|polywood|fiber cement|fibre cement|hardie|hardiplank|james hardie|lp smartside|trex|timbertech|azek|fiberon|evergrain|metal|aluminum|aluminium|steel|iron|wrought iron
Bay Area  Fence+Furniture+Exterior Structures,Teak Furniture Restoration,[teak furniture restoration],Exact,deck|siding|fence|gazebo|pergola|trellis|arbor|brick|concrete|masonry|stone,how to|diy|tutorial|instructions|jobs|job|careers|salary|home depot|lowes|menards|amazon|supplies|materials|kits|prefab|prebuilt|cheap|free|reddit|youtube|plastic|pvc|vinyl|resin|synthetic|composite|engineered|polywood|fiber cement|fibre cement|hardie|hardiplank|james hardie|lp smartside|trex|timbertech|azek|fiberon|evergrain|metal|aluminum|aluminium|steel|iron|wrought iron
Bay Area  Fence+Furniture+Exterior Structures,Teak Furniture Restoration,[teak furniture refinishing],Exact,deck|siding|fence|gazebo|pergola|trellis|arbor|brick|concrete|masonry|stone,how to|diy|tutorial|instructions|jobs|job|careers|salary|home depot|lowes|menards|amazon|supplies|materials|kits|prefab|prebuilt|cheap|free|reddit|youtube|plastic|pvc|vinyl|resin|synthetic|composite|engineered|polywood|fiber cement|fibre cement|hardie|hardiplank|james hardie|lp smartside|trex|timbertech|azek|fiberon|evergrain|metal|aluminum|aluminium|steel|iron|wrought iron
Bay Area  Fence+Furniture+Exterior Structures,Teak Furniture Restoration,[teak furniture repair],Exact,deck|siding|fence|gazebo|pergola|trellis|arbor|brick|concrete|masonry|stone,how to|diy|tutorial|instructions|jobs|job|careers|salary|home depot|lowes|menards|amazon|supplies|materials|kits|prefab|prebuilt|cheap|free|reddit|youtube|plastic|pvc|vinyl|resin|synthetic|composite|engineered|polywood|fiber cement|fibre cement|hardie|hardiplank|james hardie|lp smartside|trex|timbertech|azek|fiberon|evergrain|metal|aluminum|aluminium|steel|iron|wrought iron
Bay Area  Fence+Furniture+Exterior Structures,Teak Furniture Restoration,[teak furniture maintenance],Exact,deck|siding|fence|gazebo|pergola|trellis|arbor|brick|concrete|masonry|stone,how to|diy|tutorial|instructions|jobs|job|careers|salary|home depot|lowes|menards|amazon|supplies|materials|kits|prefab|prebuilt|cheap|free|reddit|youtube|plastic|pvc|vinyl|resin|synthetic|composite|engineered|polywood|fiber cement|fibre cement|hardie|hardiplank|james hardie|lp smartside|trex|timbertech|azek|fiberon|evergrain|metal|aluminum|aluminium|steel|iron|wrought iron
Bay Area  Fence+Furniture+Exterior Structures,Teak Furniture Restoration,[teak furniture sealing],Exact,deck|siding|fence|gazebo|pergola|trellis|arbor|brick|concrete|masonry|stone,how to|diy|tutorial|instructions|jobs|job|careers|salary|home depot|lowes|menards|amazon|supplies|materials|kits|prefab|prebuilt|cheap|free|reddit|youtube|plastic|pvc|vinyl|resin|synthetic|composite|engineered|polywood|fiber cement|fibre cement|hardie|hardiplank|james hardie|lp smartside|trex|timbertech|azek|fiberon|evergrain|metal|aluminum|aluminium|steel|iron|wrought iron
Bay Area  Fence+Furniture+Exterior Structures,Patio Furniture Services,patio furniture restoration,Phrase,deck|siding|fence|gazebo|pergola|trellis|arbor|brick|concrete|masonry|stone,
Bay Area  Fence+Furniture+Exterior Structures,Patio Furniture Services,patio furniture refinishing,Phrase,deck|siding|fence|gazebo|pergola|trellis|arbor|brick|concrete|masonry|stone,
Bay Area  Fence+Furniture+Exterior Structures,Patio Furniture Services,patio furniture maintenance,Phrase,deck|siding|fence|gazebo|pergola|trellis|arbor|brick|concrete|masonry|stone,
Bay Area  Fence+Furniture+Exterior Structures,Patio Furniture Services,patio furniture sealing,Phrase,deck|siding|fence|gazebo|pergola|trellis|arbor|brick|concrete|masonry|stone,how to|diy|tutorial|instructions|jobs|job|careers|salary|home depot|lowes|menards|amazon|supplies|materials|kits|prefab|prebuilt|cheap|free|reddit|youtube|plastic|pvc|vinyl|resin|synthetic|composite|engineered|polywood|fiber cement|fibre cement|hardie|hardiplank|james hardie|lp smartside|trex|timbertech|azek|fiberon|evergrain|metal|aluminum|aluminium|steel|iron|wrought iron
Bay Area  Fence+Furniture+Exterior Structures,Outdoor / Exterior Furniture,outdoor furniture restoration,Phrase,deck|siding|fence|gazebo|pergola|trellis|arbor|brick|concrete|masonry|stone,how to|diy|tutorial|instructions|jobs|job|careers|salary|home depot|lowes|menards|amazon|supplies|materials|kits|prefab|prebuilt|cheap|free|reddit|youtube|plastic|pvc|vinyl|resin|synthetic|composite|engineered|polywood|fiber cement|fibre cement|hardie|hardiplank|james hardie|lp smartside|trex|timbertech|azek|fiberon|evergrain|metal|aluminum|aluminium|steel|iron|wrought iron
Bay Area  Fence+Furniture+Exterior Structures,Outdoor / Exterior Furniture,outdoor furniture refinishing,Phrase,deck|siding|fence|gazebo|pergola|trellis|arbor|brick|concrete|masonry|stone,how to|diy|tutorial|instructions|jobs|job|careers|salary|home depot|lowes|menards|amazon|supplies|materials|kits|prefab|prebuilt|cheap|free|reddit|youtube|plastic|pvc|vinyl|resin|synthetic|composite|engineered|polywood|fiber cement|fibre cement|hardie|hardiplank|james hardie|lp smartside|trex|timbertech|azek|fiberon|evergrain|metal|aluminum|aluminium|steel|iron|wrought iron
Bay Area  Fence+Furniture+Exterior Structures,Outdoor / Exterior Furniture,outdoor furniture repair,Phrase,deck|siding|fence|gazebo|pergola|trellis|arbor|brick|concrete|masonry|stone,how to|diy|tutorial|instructions|jobs|job|careers|salary|home depot|lowes|menards|amazon|supplies|materials|kits|prefab|prebuilt|cheap|free|reddit|youtube|plastic|pvc|vinyl|resin|synthetic|composite|engineered|polywood|fiber cement|fibre cement|hardie|hardiplank|james hardie|lp smartside|trex|timbertech|azek|fiberon|evergrain|metal|aluminum|aluminium|steel|iron|wrought iron
Bay Area  Fence+Furniture+Exterior Structures,Outdoor / Exterior Furniture,outdoor furniture maintenance,Phrase,deck|siding|fence|gazebo|pergola|trellis|arbor|brick|concrete|masonry|stone,how to|diy|tutorial|instructions|jobs|job|careers|salary|home depot|lowes|menards|amazon|supplies|materials|kits|prefab|prebuilt|cheap|free|reddit|youtube|plastic|pvc|vinyl|resin|synthetic|composite|engineered|polywood|fiber cement|fibre cement|hardie|hardiplank|james hardie|lp smartside|trex|timbertech|azek|fiberon|evergrain|metal|aluminum|aluminium|steel|iron|wrought iron
Bay Area  Fence+Furniture+Exterior Structures,Outdoor / Exterior Furniture,outdoor furniture sealing,Phrase,deck|siding|fence|gazebo|pergola|trellis|arbor|brick|concrete|masonry|stone,how to|diy|tutorial|instructions|jobs|job|careers|salary|home depot|lowes|menards|amazon|supplies|materials|kits|prefab|prebuilt|cheap|free|reddit|youtube|plastic|pvc|vinyl|resin|synthetic|composite|engineered|polywood|fiber cement|fibre cement|hardie|hardiplank|james hardie|lp smartside|trex|timbertech|azek|fiberon|evergrain|metal|aluminum|aluminium|steel|iron|wrought iron
Bay Area  Exterior Wood,Exterior Wood (Catch All),[exterior wood repair],Exact,deck|siding|fence|gazebo|pergola|trellis|arbor|furniture|brick|concrete|masonry|stone,how to|diy|tutorial|instructions|jobs|job|careers|salary|home depot|lowes|menards|amazon|supplies|materials|kits|prefab|prebuilt|cheap|free|reddit|youtube|plastic|pvc|vinyl|resin|synthetic|composite|engineered|polywood|fiber cement|fibre cement|hardie|hardiplank|james hardie|lp smartside|trex|timbertech|azek|fiberon|evergrain|metal|aluminum|aluminium|steel|iron|wrought iron
Bay Area  Exterior Wood,Exterior Wood (Catch All),[exterior wood restoration],Exact,deck|siding|fence|gazebo|pergola|trellis|arbor|furniture|brick|concrete|masonry|stone,how to|diy|tutorial|instructions|jobs|job|careers|salary|home depot|lowes|menards|amazon|supplies|materials|kits|prefab|prebuilt|cheap|free|reddit|youtube|plastic|pvc|vinyl|resin|synthetic|composite|engineered|polywood|fiber cement|fibre cement|hardie|hardiplank|james hardie|lp smartside|trex|timbertech|azek|fiberon|evergrain|metal|aluminum|aluminium|steel|iron|wrought iron
Bay Area  Exterior Wood,Exterior Wood (Catch All),exterior wood refinishing,Phrase,deck|siding|fence|gazebo|pergola|trellis|arbor|furniture|brick|concrete|masonry|stone,how to|diy|tutorial|instructions|jobs|job|careers|salary|home depot|lowes|menards|amazon|supplies|materials|kits|prefab|prebuilt|cheap|free|reddit|youtube|plastic|pvc|vinyl|resin|synthetic|composite|engineered|polywood|fiber cement|fibre cement|hardie|hardiplank|james hardie|lp smartside|trex|timbertech|azek|fiberon|evergrain|metal|aluminum|aluminium|steel|iron|wrought iron
Bay Area  Exterior Wood,Exterior Wood (Catch All),[exterior wood maintenance],Exact,deck|siding|fence|gazebo|pergola|trellis|arbor|furniture|brick|concrete|masonry|stone,how to|diy|tutorial|instructions|jobs|job|careers|salary|home depot|lowes|menards|amazon|supplies|materials|kits|prefab|prebuilt|cheap|free|reddit|youtube|plastic|pvc|vinyl|resin|synthetic|composite|engineered|polywood|fiber cement|fibre cement|hardie|hardiplank|james hardie|lp smartside|trex|timbertech|azek|fiberon|evergrain|metal|aluminum|aluminium|steel|iron|wrought iron
Bay Area  Exterior Wood,Exterior Wood (Catch All),exterior wood sealing,Phrase,deck|siding|fence|gazebo|pergola|trellis|arbor|furniture|brick|concrete|masonry|stone,how to|diy|tutorial|instructions|jobs|job|careers|salary|home depot|lowes|menards|amazon|supplies|materials|kits|prefab|prebuilt|cheap|free|reddit|youtube|plastic|pvc|vinyl|resin|synthetic|composite|engineered|polywood|fiber cement|fibre cement|hardie|hardiplank|james hardie|lp smartside|trex|timbertech|azek|fiberon|evergrain|metal|aluminum|aluminium|steel|iron|wrought iron
Bay Area  Exterior Wood,Exterior Wood (Catch All),exterior wood staining,Phrase,deck|siding|fence|gazebo|pergola|trellis|arbor|furniture|brick|concrete|masonry|stone,how to|diy|tutorial|instructions|jobs|job|careers|salary|home depot|lowes|menards|amazon|supplies|materials|kits|prefab|prebuilt|cheap|free|reddit|youtube|plastic|pvc|vinyl|resin|synthetic|composite|engineered|polywood|fiber cement|fibre cement|hardie|hardiplank|james hardie|lp smartside|trex|timbertech|azek|fiberon|evergrain|metal|aluminum|aluminium|steel|iron|wrought iron
Bay Area  Fence+Furniture+Exterior Structures,Gazebo Repair and Maintenance,[gazebo repair],Exact,deck|fence|siding|arbor|trellis|pergola|furniture|brick|concrete|masonry|stone,how to|diy|tutorial|instructions|jobs|job|careers|salary|home depot|lowes|menards|amazon|supplies|materials|kits|prefab|prebuilt|cheap|free|reddit|youtube|plastic|pvc|vinyl|resin|synthetic|composite|engineered|polywood|fiber cement|fibre cement|hardie|hardiplank|james hardie|lp smartside|trex|timbertech|azek|fiberon|evergrain|metal|aluminum|aluminium|steel|iron|wrought iron
Bay Area  Fence+Furniture+Exterior Structures,Gazebo Repair and Maintenance,[gazebo restoration],Exact,deck|fence|siding|arbor|trellis|pergola|furniture|brick|concrete|masonry|stone,how to|diy|tutorial|instructions|jobs|job|careers|salary|home depot|lowes|menards|amazon|supplies|materials|kits|prefab|prebuilt|cheap|free|reddit|youtube|plastic|pvc|vinyl|resin|synthetic|composite|engineered|polywood|fiber cement|fibre cement|hardie|hardiplank|james hardie|lp smartside|trex|timbertech|azek|fiberon|evergrain|metal|aluminum|aluminium|steel|iron|wrought iron
Bay Area  Fence+Furniture+Exterior Structures,Gazebo Repair and Maintenance,[gazebo maintenance],Exact,deck|fence|siding|arbor|trellis|pergola|furniture|brick|concrete|masonry|stone,how to|diy|tutorial|instructions|jobs|job|careers|salary|home depot|lowes|menards|amazon|supplies|materials|kits|prefab|prebuilt|cheap|free|reddit|youtube|plastic|pvc|vinyl|resin|synthetic|composite|engineered|polywood|fiber cement|fibre cement|hardie|hardiplank|james hardie|lp smartside|trex|timbertech|azek|fiberon|evergrain|metal|aluminum|aluminium|steel|iron|wrought iron
Bay Area  Fence+Furniture+Exterior Structures,Gazebo Repair and Maintenance,"""gazebo refinishing""",Phrase,deck|fence|siding|arbor|trellis|pergola|furniture|brick|concrete|masonry|stone,how to|diy|tutorial|instructions|jobs|job|careers|salary|home depot|lowes|menards|amazon|supplies|materials|kits|prefab|prebuilt|cheap|free|reddit|youtube|plastic|pvc|vinyl|resin|synthetic|composite|engineered|polywood|fiber cement|fibre cement|hardie|hardiplank|james hardie|lp smartside|trex|timbertech|azek|fiberon|evergrain|metal|aluminum|aluminium|steel|iron|wrought iron
Bay Area  Fence+Furniture+Exterior Structures,Gazebo Finishing and Protection,"""gazebo sealing""",Phrase,deck|fence|siding|arbor|trellis|pergola|furniture|brick|concrete|masonry|stone,how to|diy|tutorial|instructions|jobs|job|careers|salary|home depot|lowes|menards|amazon|supplies|materials|kits|prefab|prebuilt|cheap|free|reddit|youtube|plastic|pvc|vinyl|resin|synthetic|composite|engineered|polywood|fiber cement|fibre cement|hardie|hardiplank|james hardie|lp smartside|trex|timbertech|azek|fiberon|evergrain|metal|aluminum|aluminium|steel|iron|wrought iron
Bay Area  Fence+Furniture+Exterior Structures,Gazebo Finishing and Protection,"""gazebo staining""",Phrase,deck|fence|siding|arbor|trellis|pergola|furniture|brick|concrete|masonry|stone,how to|diy|tutorial|instructions|jobs|job|careers|salary|home depot|lowes|menards|amazon|supplies|materials|kits|prefab|prebuilt|cheap|free|reddit|youtube|plastic|pvc|vinyl|resin|synthetic|composite|engineered|polywood|fiber cement|fibre cement|hardie|hardiplank|james hardie|lp smartside|trex|timbertech|azek|fiberon|evergrain|metal|aluminum|aluminium|steel|iron|wrought iron
Bay Area  Fence+Furniture+Exterior Structures,Premium Wood Gazebos,"""redwood gazebo""",Phrase,deck|fence|siding|arbor|trellis|pergola|furniture|brick|concrete|masonry|stone,how to|diy|tutorial|instructions|jobs|job|careers|salary|home depot|lowes|menards|amazon|supplies|materials|kits|prefab|prebuilt|cheap|free|reddit|youtube|plastic|pvc|vinyl|resin|synthetic|composite|engineered|polywood|fiber cement|fibre cement|hardie|hardiplank|james hardie|lp smartside|trex|timbertech|azek|fiberon|evergrain|metal|aluminum|aluminium|steel|iron|wrought iron
Bay Area  Fence+Furniture+Exterior Structures,Premium Wood Gazebos,"""cedar gazebo""",Phrase,deck|fence|siding|arbor|trellis|pergola|furniture|brick|concrete|masonry|stone,how to|diy|tutorial|instructions|jobs|job|careers|salary|home depot|lowes|menards|amazon|supplies|materials|kits|prefab|prebuilt|cheap|free|reddit|youtube|plastic|pvc|vinyl|resin|synthetic|composite|engineered|polywood|fiber cement|fibre cement|hardie|hardiplank|james hardie|lp smartside|trex|timbertech|azek|fiberon|evergrain|metal|aluminum|aluminium|steel|iron|wrought iron
Bay Area  Fence+Furniture+Exterior Structures,Premium Wood Gazebos,"""ipe gazebo""",Phrase,deck|fence|siding|arbor|trellis|pergola|furniture|brick|concrete|masonry|stone,how to|diy|tutorial|instructions|jobs|job|careers|salary|home depot|lowes|menards|amazon|supplies|materials|kits|prefab|prebuilt|cheap|free|reddit|youtube|plastic|pvc|vinyl|resin|synthetic|composite|engineered|polywood|fiber cement|fibre cement|hardie|hardiplank|james hardie|lp smartside|trex|timbertech|azek|fiberon|evergrain|metal|aluminum|aluminium|steel|iron|wrought iron
Bay Area  Fence+Furniture+Exterior Structures,Premium Wood Gazebos,"""teak gazebo""",Phrase,deck|fence|siding|arbor|trellis|pergola|furniture|brick|concrete|masonry|stone,how to|diy|tutorial|instructions|jobs|job|careers|salary|home depot|lowes|menards|amazon|supplies|materials|kits|prefab|prebuilt|cheap|free|reddit|youtube|plastic|pvc|vinyl|resin|synthetic|composite|engineered|polywood|fiber cement|fibre cement|hardie|hardiplank|james hardie|lp smartside|trex|timbertech|azek|fiberon|evergrain|metal|aluminum|aluminium|steel|iron|wrought iron
Bay Area  Fence+Furniture+Exterior Structures,Arbor Repair and Maintenance,[arbor repair],Exact,deck|fence|siding|gazebo|trellis|pergola|furniture|brick|concrete|masonry|stone,how to|diy|tutorial|instructions|jobs|job|careers|salary|home depot|lowes|menards|amazon|supplies|materials|kits|prefab|prebuilt|cheap|free|reddit|youtube|plastic|pvc|vinyl|resin|synthetic|composite|engineered|polywood|fiber cement|fibre cement|hardie|hardiplank|james hardie|lp smartside|trex|timbertech|azek|fiberon|evergrain|metal|aluminum|aluminium|steel|iron|wrought iron
Bay Area  Fence+Furniture+Exterior Structures,Arbor Repair and Maintenance,[arbor restoration],Exact,deck|fence|siding|gazebo|trellis|pergola|furniture|brick|concrete|masonry|stone,how to|diy|tutorial|instructions|jobs|job|careers|salary|home depot|lowes|menards|amazon|supplies|materials|kits|prefab|prebuilt|cheap|free|reddit|youtube|plastic|pvc|vinyl|resin|synthetic|composite|engineered|polywood|fiber cement|fibre cement|hardie|hardiplank|james hardie|lp smartside|trex|timbertech|azek|fiberon|evergrain|metal|aluminum|aluminium|steel|iron|wrought iron
Bay Area  Fence+Furniture+Exterior Structures,Arbor Repair and Maintenance,[arbor maintenance],Exact,deck|fence|siding|gazebo|trellis|pergola|furniture|brick|concrete|masonry|stone,how to|diy|tutorial|instructions|jobs|job|careers|salary|home depot|lowes|menards|amazon|supplies|materials|kits|prefab|prebuilt|cheap|free|reddit|youtube|plastic|pvc|vinyl|resin|synthetic|composite|engineered|polywood|fiber cement|fibre cement|hardie|hardiplank|james hardie|lp smartside|trex|timbertech|azek|fiberon|evergrain|metal|aluminum|aluminium|steel|iron|wrought iron
Bay Area  Fence+Furniture+Exterior Structures,Arbor Repair and Maintenance,"""arbor refinishing""",Exact,deck|fence|siding|gazebo|trellis|pergola|furniture|brick|concrete|masonry|stone,how to|diy|tutorial|instructions|jobs|job|careers|salary|home depot|lowes|menards|amazon|supplies|materials|kits|prefab|prebuilt|cheap|free|reddit|youtube|plastic|pvc|vinyl|resin|synthetic|composite|engineered|polywood|fiber cement|fibre cement|hardie|hardiplank|james hardie|lp smartside|trex|timbertech|azek|fiberon|evergrain|metal|aluminum|aluminium|steel|iron|wrought iron
Bay Area  Fence+Furniture+Exterior Structures,Arbor Finishing and Protection,"""arbor sealing""",Phrase,deck|fence|siding|gazebo|trellis|pergola|furniture|brick|concrete|masonry|stone,how to|diy|tutorial|instructions|jobs|job|careers|salary|home depot|lowes|menards|amazon|supplies|materials|kits|prefab|prebuilt|cheap|free|reddit|youtube|plastic|pvc|vinyl|resin|synthetic|composite|engineered|polywood|fiber cement|fibre cement|hardie|hardiplank|james hardie|lp smartside|trex|timbertech|azek|fiberon|evergrain|metal|aluminum|aluminium|steel|iron|wrought iron
Bay Area  Fence+Furniture+Exterior Structures,Arbor Finishing and Protection,"""arbor staining""",Phrase,deck|fence|siding|gazebo|trellis|pergola|furniture|brick|concrete|masonry|stone,how to|diy|tutorial|instructions|jobs|job|careers|salary|home depot|lowes|menards|amazon|supplies|materials|kits|prefab|prebuilt|cheap|free|reddit|youtube|plastic|pvc|vinyl|resin|synthetic|composite|engineered|polywood|fiber cement|fibre cement|hardie|hardiplank|james hardie|lp smartside|trex|timbertech|azek|fiberon|evergrain|metal|aluminum|aluminium|steel|iron|wrought iron
Bay Area  Fence+Furniture+Exterior Structures,Premium Wood Arbors,"""redwood arbor""",Phrase,deck|fence|siding|gazebo|trellis|pergola|furniture|brick|concrete|masonry|stone,how to|diy|tutorial|instructions|jobs|job|careers|salary|home depot|lowes|menards|amazon|supplies|materials|kits|prefab|prebuilt|cheap|free|reddit|youtube|plastic|pvc|vinyl|resin|synthetic|composite|engineered|polywood|fiber cement|fibre cement|hardie|hardiplank|james hardie|lp smartside|trex|timbertech|azek|fiberon|evergrain|metal|aluminum|aluminium|steel|iron|wrought iron
Bay Area  Fence+Furniture+Exterior Structures,Premium Wood Arbors,"""cedar arbor""",Phrase,deck|fence|siding|gazebo|trellis|pergola|furniture|brick|concrete|masonry|stone,how to|diy|tutorial|instructions|jobs|job|careers|salary|home depot|lowes|menards|amazon|supplies|materials|kits|prefab|prebuilt|cheap|free|reddit|youtube|plastic|pvc|vinyl|resin|synthetic|composite|engineered|polywood|fiber cement|fibre cement|hardie|hardiplank|james hardie|lp smartside|trex|timbertech|azek|fiberon|evergrain|metal|aluminum|aluminium|steel|iron|wrought iron
Bay Area  Fence+Furniture+Exterior Structures,Premium Wood Arbors,"""ipe arbor""",Phrase,deck|fence|siding|gazebo|trellis|pergola|furniture|brick|concrete|masonry|stone,how to|diy|tutorial|instructions|jobs|job|careers|salary|home depot|lowes|menards|amazon|supplies|materials|kits|prefab|prebuilt|cheap|free|reddit|youtube|plastic|pvc|vinyl|resin|synthetic|composite|engineered|polywood|fiber cement|fibre cement|hardie|hardiplank|james hardie|lp smartside|trex|timbertech|azek|fiberon|evergrain|metal|aluminum|aluminium|steel|iron|wrought iron
Bay Area  Fence+Furniture+Exterior Structures,Premium Wood Arbors,"""teak arbor""",Phrase,deck|fence|siding|gazebo|trellis|pergola|furniture|brick|concrete|masonry|stone,how to|diy|tutorial|instructions|jobs|job|careers|salary|home depot|lowes|menards|amazon|supplies|materials|kits|prefab|prebuilt|cheap|free|reddit|youtube|plastic|pvc|vinyl|resin|synthetic|composite|engineered|polywood|fiber cement|fibre cement|hardie|hardiplank|james hardie|lp smartside|trex|timbertech|azek|fiberon|evergrain|metal|aluminum|aluminium|steel|iron|wrought iron
Bay Area  Fence+Furniture+Exterior Structures,Arbor Repair and Maintenance,[arbor repair],Exact,deck|fence|siding|gazebo|trellis|pergola|furniture|brick|concrete|masonry|stone,how to|diy|tutorial|instructions|jobs|job|careers|salary|home depot|lowes|menards|amazon|supplies|materials|kits|prefab|prebuilt|cheap|free|reddit|youtube|plastic|pvc|vinyl|resin|synthetic|composite|engineered|polywood|fiber cement|fibre cement|hardie|hardiplank|james hardie|lp smartside|trex|timbertech|azek|fiberon|evergrain|metal|aluminum|aluminium|steel|iron|wrought iron
Bay Area  Fence+Furniture+Exterior Structures,Arbor Repair and Maintenance,[arbor restoration],Exact,deck|fence|siding|gazebo|trellis|pergola|furniture|brick|concrete|masonry|stone,how to|diy|tutorial|instructions|jobs|job|careers|salary|home depot|lowes|menards|amazon|supplies|materials|kits|prefab|prebuilt|cheap|free|reddit|youtube|plastic|pvc|vinyl|resin|synthetic|composite|engineered|polywood|fiber cement|fibre cement|hardie|hardiplank|james hardie|lp smartside|trex|timbertech|azek|fiberon|evergrain|metal|aluminum|aluminium|steel|iron|wrought iron
Bay Area  Fence+Furniture+Exterior Structures,Arbor Repair and Maintenance,[arbor maintenance],Exact,deck|fence|siding|gazebo|trellis|pergola|furniture|brick|concrete|masonry|stone,how to|diy|tutorial|instructions|jobs|job|careers|salary|home depot|lowes|menards|amazon|supplies|materials|kits|prefab|prebuilt|cheap|free|reddit|youtube|plastic|pvc|vinyl|resin|synthetic|composite|engineered|polywood|fiber cement|fibre cement|hardie|hardiplank|james hardie|lp smartside|trex|timbertech|azek|fiberon|evergrain|metal|aluminum|aluminium|steel|iron|wrought iron
Bay Area  Fence+Furniture+Exterior Structures,Arbor Repair and Maintenance,"""arbor refinishing""",Phrase,deck|fence|siding|gazebo|trellis|pergola|furniture|brick|concrete|masonry|stone,how to|diy|tutorial|instructions|jobs|job|careers|salary|home depot|lowes|menards|amazon|supplies|materials|kits|prefab|prebuilt|cheap|free|reddit|youtube|plastic|pvc|vinyl|resin|synthetic|composite|engineered|polywood|fiber cement|fibre cement|hardie|hardiplank|james hardie|lp smartside|trex|timbertech|azek|fiberon|evergrain|metal|aluminum|aluminium|steel|iron|wrought iron
Bay Area  Fence+Furniture+Exterior Structures,Arbor Finishing and Protection,"""arbor sealing""",Phrase,deck|fence|siding|gazebo|trellis|pergola|furniture|brick|concrete|masonry|stone,how to|diy|tutorial|instructions|jobs|job|careers|salary|home depot|lowes|menards|amazon|supplies|materials|kits|prefab|prebuilt|cheap|free|reddit|youtube|plastic|pvc|vinyl|resin|synthetic|composite|engineered|polywood|fiber cement|fibre cement|hardie|hardiplank|james hardie|lp smartside|trex|timbertech|azek|fiberon|evergrain|metal|aluminum|aluminium|steel|iron|wrought iron
Bay Area  Fence+Furniture+Exterior Structures,Arbor Finishing and Protection,"""arbor staining""",Phrase,deck|fence|siding|gazebo|trellis|pergola|furniture|brick|concrete|masonry|stone,how to|diy|tutorial|instructions|jobs|job|careers|salary|home depot|lowes|menards|amazon|supplies|materials|kits|prefab|prebuilt|cheap|free|reddit|youtube|plastic|pvc|vinyl|resin|synthetic|composite|engineered|polywood|fiber cement|fibre cement|hardie|hardiplank|james hardie|lp smartside|trex|timbertech|azek|fiberon|evergrain|metal|aluminum|aluminium|steel|iron|wrought iron
Bay Area  Fence+Furniture+Exterior Structures,Trellis Repair and Maintenance,[trellis repair],Exact,deck|fence|siding|gazebo|arbor|pergola|furniture|brick|concrete|masonry|stone,how to|diy|tutorial|instructions|jobs|job|careers|salary|home depot|lowes|menards|amazon|supplies|materials|kits|prefab|prebuilt|cheap|free|reddit|youtube|plastic|pvc|vinyl|resin|synthetic|composite|engineered|polywood|fiber cement|fibre cement|hardie|hardiplank|james hardie|lp smartside|trex|timbertech|azek|fiberon|evergrain|metal|aluminum|aluminium|steel|iron|wrought iron
Bay Area  Fence+Furniture+Exterior Structures,Trellis Repair and Maintenance,[trellis restoration],Exact,deck|fence|siding|gazebo|arbor|pergola|furniture|brick|concrete|masonry|stone,how to|diy|tutorial|instructions|jobs|job|careers|salary|home depot|lowes|menards|amazon|supplies|materials|kits|prefab|prebuilt|cheap|free|reddit|youtube|plastic|pvc|vinyl|resin|synthetic|composite|engineered|polywood|fiber cement|fibre cement|hardie|hardiplank|james hardie|lp smartside|trex|timbertech|azek|fiberon|evergrain|metal|aluminum|aluminium|steel|iron|wrought iron
Bay Area  Fence+Furniture+Exterior Structures,Trellis Repair and Maintenance,[trellis maintenance],Exact,deck|fence|siding|gazebo|arbor|pergola|furniture|brick|concrete|masonry|stone,how to|diy|tutorial|instructions|jobs|job|careers|salary|home depot|lowes|menards|amazon|supplies|materials|kits|prefab|prebuilt|cheap|free|reddit|youtube|plastic|pvc|vinyl|resin|synthetic|composite|engineered|polywood|fiber cement|fibre cement|hardie|hardiplank|james hardie|lp smartside|trex|timbertech|azek|fiberon|evergrain|metal|aluminum|aluminium|steel|iron|wrought iron
Bay Area  Fence+Furniture+Exterior Structures,Trellis Repair and Maintenance,"""trellis refinishing""",Phrase,deck|fence|siding|gazebo|arbor|pergola|furniture|brick|concrete|masonry|stone,how to|diy|tutorial|instructions|jobs|job|careers|salary|home depot|lowes|menards|amazon|supplies|materials|kits|prefab|prebuilt|cheap|free|reddit|youtube|plastic|pvc|vinyl|resin|synthetic|composite|engineered|polywood|fiber cement|fibre cement|hardie|hardiplank|james hardie|lp smartside|trex|timbertech|azek|fiberon|evergrain|metal|aluminum|aluminium|steel|iron|wrought iron
Bay Area  Fence+Furniture+Exterior Structures,Trellis Finishing and Protection,"""trellis sealing""",Phrase,deck|fence|siding|gazebo|arbor|pergola|furniture|brick|concrete|masonry|stone,how to|diy|tutorial|instructions|jobs|job|careers|salary|home depot|lowes|menards|amazon|supplies|materials|kits|prefab|prebuilt|cheap|free|reddit|youtube|plastic|pvc|vinyl|resin|synthetic|composite|engineered|polywood|fiber cement|fibre cement|hardie|hardiplank|james hardie|lp smartside|trex|timbertech|azek|fiberon|evergrain|metal|aluminum|aluminium|steel|iron|wrought iron
Bay Area  Fence+Furniture+Exterior Structures,Trellis Finishing and Protection,"""trellis staining""",Phrase,deck|fence|siding|gazebo|arbor|pergola|furniture|brick|concrete|masonry|stone,how to|diy|tutorial|instructions|jobs|job|careers|salary|home depot|lowes|menards|amazon|supplies|materials|kits|prefab|prebuilt|cheap|free|reddit|youtube|plastic|pvc|vinyl|resin|synthetic|composite|engineered|polywood|fiber cement|fibre cement|hardie|hardiplank|james hardie|lp smartside|trex|timbertech|azek|fiberon|evergrain|metal|aluminum|aluminium|steel|iron|wrought iron
Bay Area  Fence+Furniture+Exterior Structures,Premium Wood Trelliss,"""redwood trellis""",Phrase,deck|fence|siding|gazebo|arbor|pergola|furniture|brick|concrete|masonry|stone,how to|diy|tutorial|instructions|jobs|job|careers|salary|home depot|lowes|menards|amazon|supplies|materials|kits|prefab|prebuilt|cheap|free|reddit|youtube|plastic|pvc|vinyl|resin|synthetic|composite|engineered|polywood|fiber cement|fibre cement|hardie|hardiplank|james hardie|lp smartside|trex|timbertech|azek|fiberon|evergrain|metal|aluminum|aluminium|steel|iron|wrought iron
Bay Area  Fence+Furniture+Exterior Structures,Premium Wood Trelliss,"""cedar trellis""",Phrase,deck|fence|siding|gazebo|arbor|pergola|furniture|brick|concrete|masonry|stone,how to|diy|tutorial|instructions|jobs|job|careers|salary|home depot|lowes|menards|amazon|supplies|materials|kits|prefab|prebuilt|cheap|free|reddit|youtube|plastic|pvc|vinyl|resin|synthetic|composite|engineered|polywood|fiber cement|fibre cement|hardie|hardiplank|james hardie|lp smartside|trex|timbertech|azek|fiberon|evergrain|metal|aluminum|aluminium|steel|iron|wrought iron
Bay Area  Fence+Furniture+Exterior Structures,Premium Wood Trelliss,"""ipe trellis""",Phrase,deck|fence|siding|gazebo|arbor|pergola|furniture|brick|concrete|masonry|stone,how to|diy|tutorial|instructions|jobs|job|careers|salary|home depot|lowes|menards|amazon|supplies|materials|kits|prefab|prebuilt|cheap|free|reddit|youtube|plastic|pvc|vinyl|resin|synthetic|composite|engineered|polywood|fiber cement|fibre cement|hardie|hardiplank|james hardie|lp smartside|trex|timbertech|azek|fiberon|evergrain|metal|aluminum|aluminium|steel|iron|wrought iron
Bay Area  Fence+Furniture+Exterior Structures,Premium Wood Trelliss,"""teak trellis""",Phrase,deck|fence|siding|gazebo|arbor|pergola|furniture|brick|concrete|masonry|stone,how to|diy|tutorial|instructions|jobs|job|careers|salary|home depot|lowes|menards|amazon|supplies|materials|kits|prefab|prebuilt|cheap|free|reddit|youtube|plastic|pvc|vinyl|resin|synthetic|composite|engineered|polywood|fiber cement|fibre cement|hardie|hardiplank|james hardie|lp smartside|trex|timbertech|azek|fiberon|evergrain|metal|aluminum|aluminium|steel|iron|wrought iron
Bay Area  Fence+Furniture+Exterior Structures,Pergola Repair and Maintenance,[pergola repair],Exact,deck|fence|siding|gazebo|arbor|trellis|furniture|brick|concrete|masonry|stone,how to|diy|tutorial|instructions|jobs|job|careers|salary|home depot|lowes|menards|amazon|supplies|materials|kits|prefab|prebuilt|cheap|free|reddit|youtube|plastic|pvc|vinyl|resin|synthetic|composite|engineered|polywood|fiber cement|fibre cement|hardie|hardiplank|james hardie|lp smartside|trex|timbertech|azek|fiberon|evergrain|metal|aluminum|aluminium|steel|iron|wrought iron
Bay Area  Fence+Furniture+Exterior Structures,Pergola Repair and Maintenance,[pergola restoration],Exact,deck|fence|siding|gazebo|arbor|trellis|furniture|brick|concrete|masonry|stone,how to|diy|tutorial|instructions|jobs|job|careers|salary|home depot|lowes|menards|amazon|supplies|materials|kits|prefab|prebuilt|cheap|free|reddit|youtube|plastic|pvc|vinyl|resin|synthetic|composite|engineered|polywood|fiber cement|fibre cement|hardie|hardiplank|james hardie|lp smartside|trex|timbertech|azek|fiberon|evergrain|metal|aluminum|aluminium|steel|iron|wrought iron
Bay Area  Fence+Furniture+Exterior Structures,Pergola Repair and Maintenance,[pergola maintenance],Exact,deck|fence|siding|gazebo|arbor|trellis|furniture|brick|concrete|masonry|stone,how to|diy|tutorial|instructions|jobs|job|careers|salary|home depot|lowes|menards|amazon|supplies|materials|kits|prefab|prebuilt|cheap|free|reddit|youtube|plastic|pvc|vinyl|resin|synthetic|composite|engineered|polywood|fiber cement|fibre cement|hardie|hardiplank|james hardie|lp smartside|trex|timbertech|azek|fiberon|evergrain|metal|aluminum|aluminium|steel|iron|wrought iron
Bay Area  Fence+Furniture+Exterior Structures,Pergola Repair and Maintenance,"""pergola refinishing""",Phrase,deck|fence|siding|gazebo|arbor|trellis|furniture|brick|concrete|masonry|stone,how to|diy|tutorial|instructions|jobs|job|careers|salary|home depot|lowes|menards|amazon|supplies|materials|kits|prefab|prebuilt|cheap|free|reddit|youtube|plastic|pvc|vinyl|resin|synthetic|composite|engineered|polywood|fiber cement|fibre cement|hardie|hardiplank|james hardie|lp smartside|trex|timbertech|azek|fiberon|evergrain|metal|aluminum|aluminium|steel|iron|wrought iron
Bay Area  Fence+Furniture+Exterior Structures,Pergola Finishing and Protection,"""pergola sealing""",Phrase,deck|fence|siding|gazebo|arbor|trellis|furniture|brick|concrete|masonry|stone,how to|diy|tutorial|instructions|jobs|job|careers|salary|home depot|lowes|menards|amazon|supplies|materials|kits|prefab|prebuilt|cheap|free|reddit|youtube|plastic|pvc|vinyl|resin|synthetic|composite|engineered|polywood|fiber cement|fibre cement|hardie|hardiplank|james hardie|lp smartside|trex|timbertech|azek|fiberon|evergrain|metal|aluminum|aluminium|steel|iron|wrought iron
Bay Area  Fence+Furniture+Exterior Structures,Pergola Finishing and Protection,"""pergola staining""",Phrase,deck|fence|siding|gazebo|arbor|trellis|furniture|brick|concrete|masonry|stone,how to|diy|tutorial|instructions|jobs|job|careers|salary|home depot|lowes|menards|amazon|supplies|materials|kits|prefab|prebuilt|cheap|free|reddit|youtube|plastic|pvc|vinyl|resin|synthetic|composite|engineered|polywood|fiber cement|fibre cement|hardie|hardiplank|james hardie|lp smartside|trex|timbertech|azek|fiberon|evergrain|metal|aluminum|aluminium|steel|iron|wrought iron
Bay Area  Fence+Furniture+Exterior Structures,Premium Wood Pergolas,"""redwood pergola""",Phrase,deck|fence|siding|gazebo|arbor|trellis|furniture|brick|concrete|masonry|stone,how to|diy|tutorial|instructions|jobs|job|careers|salary|home depot|lowes|menards|amazon|supplies|materials|kits|prefab|prebuilt|cheap|free|reddit|youtube|plastic|pvc|vinyl|resin|synthetic|composite|engineered|polywood|fiber cement|fibre cement|hardie|hardiplank|james hardie|lp smartside|trex|timbertech|azek|fiberon|evergrain|metal|aluminum|aluminium|steel|iron|wrought iron
Bay Area  Fence+Furniture+Exterior Structures,Premium Wood Pergolas,"""cedar pergola""",Phrase,deck|fence|siding|gazebo|arbor|trellis|furniture|brick|concrete|masonry|stone,how to|diy|tutorial|instructions|jobs|job|careers|salary|home depot|lowes|menards|amazon|supplies|materials|kits|prefab|prebuilt|cheap|free|reddit|youtube|plastic|pvc|vinyl|resin|synthetic|composite|engineered|polywood|fiber cement|fibre cement|hardie|hardiplank|james hardie|lp smartside|trex|timbertech|azek|fiberon|evergrain|metal|aluminum|aluminium|steel|iron|wrought iron
Bay Area  Fence+Furniture+Exterior Structures,Premium Wood Pergolas,"""ipe pergola""",Phrase,deck|fence|siding|gazebo|arbor|trellis|furniture|brick|concrete|masonry|stone,how to|diy|tutorial|instructions|jobs|job|careers|salary|home depot|lowes|menards|amazon|supplies|materials|kits|prefab|prebuilt|cheap|free|reddit|youtube|plastic|pvc|vinyl|resin|synthetic|composite|engineered|polywood|fiber cement|fibre cement|hardie|hardiplank|james hardie|lp smartside|trex|timbertech|azek|fiberon|evergrain|metal|aluminum|aluminium|steel|iron|wrought iron
Bay Area  Fence+Furniture+Exterior Structures,Premium Wood Pergolas,"""teak pergola""",Phrase,deck|fence|siding|gazebo|arbor|trellis|furniture|brick|concrete|masonry|stone,how to|diy|tutorial|instructions|jobs|job|careers|salary|home depot|lowes|menards|amazon|supplies|materials|kits|prefab|prebuilt|cheap|free|reddit|youtube|plastic|pvc|vinyl|resin|synthetic|composite|engineered|polywood|fiber cement|fibre cement|hardie|hardiplank|james hardie|lp smartside|trex|timbertech|azek|fiberon|evergrain|metal|aluminum|aluminium|steel|iron|wrought iron
Bay Area  Pressure Washing,Hardscape Pressure Washing,[hardscape pressure washing],Exact,deck|siding|fence|gazebo|arbor|trellis|pergola|furniture|wood|wooden|redwood|cedar|ipe|teak,how to|diy|tutorial|instructions|jobs|job|careers|salary|home depot|lowes|menards|amazon|supplies|materials|kits|prefab|prebuilt|cheap|free|reddit|youtube|stain|staining|seal|sealing|refinish|refinishing|resurface|resurfacing|restore|restoration
Bay Area  Pressure Washing,Hardscape Pressure Washing,[brick pressure washing],Exact,deck|siding|fence|gazebo|arbor|trellis|pergola|furniture|wood|wooden|redwood|cedar|ipe|teak,how to|diy|tutorial|instructions|jobs|job|careers|salary|home depot|lowes|menards|amazon|supplies|materials|kits|prefab|prebuilt|cheap|free|reddit|youtube|stain|staining|seal|sealing|refinish|refinishing|resurface|resurfacing|restore|restoration
Bay Area  Pressure Washing,Hardscape Pressure Washing,[concrete pressure washing],Exact,deck|siding|fence|gazebo|arbor|trellis|pergola|furniture|wood|wooden|redwood|cedar|ipe|teak,how to|diy|tutorial|instructions|jobs|job|careers|salary|home depot|lowes|menards|amazon|supplies|materials|kits|prefab|prebuilt|cheap|free|reddit|youtube|stain|staining|seal|sealing|refinish|refinishing|resurface|resurfacing|restore|restoration
Bay Area  Pressure Washing,Hardscape Pressure Washing,[paver pressure washing],Exact,deck|siding|fence|gazebo|arbor|trellis|pergola|furniture|wood|wooden|redwood|cedar|ipe|teak,how to|diy|tutorial|instructions|jobs|job|careers|salary|home depot|lowes|menards|amazon|supplies|materials|kits|prefab|prebuilt|cheap|free|reddit|youtube|stain|staining|seal|sealing|refinish|refinishing|resurface|resurfacing|restore|restoration
Bay Area  Pressure Washing,Hardscape Pressure Washing,[masonry pressure washing],Exact,deck|siding|fence|gazebo|arbor|trellis|pergola|furniture|wood|wooden|redwood|cedar|ipe|teak,how to|diy|tutorial|instructions|jobs|job|careers|salary|home depot|lowes|menards|amazon|supplies|materials|kits|prefab|prebuilt|cheap|free|reddit|youtube|stain|staining|seal|sealing|refinish|refinishing|resurface|resurfacing|restore|restoration
Bay Area  Pressure Washing,Hardscape Pressure Washing,hardscape cleaning,Phrase,deck|siding|fence|gazebo|arbor|trellis|pergola|furniture|wood|wooden|redwood|cedar|ipe|teak,how to|diy|tutorial|instructions|jobs|job|careers|salary|home depot|lowes|menards|amazon|supplies|materials|kits|prefab|prebuilt|cheap|free|reddit|youtube|stain|staining|seal|sealing|refinish|refinishing|resurface|resurfacing|restore|restoration
Bay Area  Pressure Washing,Walkways and Patios,walkway pressure washing,Phrase,deck|siding|fence|gazebo|arbor|trellis|pergola|furniture|wood|wooden|redwood|cedar|ipe|teak,how to|diy|tutorial|instructions|jobs|job|careers|salary|home depot|lowes|menards|amazon|supplies|materials|kits|prefab|prebuilt|cheap|free|reddit|youtube|stain|staining|seal|sealing|refinish|refinishing|resurface|resurfacing|restore|restoration
Bay Area  Pressure Washing,Walkways and Patios,brick walkway pressure washing,Phrase,deck|siding|fence|gazebo|arbor|trellis|pergola|furniture|wood|wooden|redwood|cedar|ipe|teak,how to|diy|tutorial|instructions|jobs|job|careers|salary|home depot|lowes|menards|amazon|supplies|materials|kits|prefab|prebuilt|cheap|free|reddit|youtube|stain|staining|seal|sealing|refinish|refinishing|resurface|resurfacing|restore|restoration
Bay Area  Pressure Washing,Walkways and Patios,stone walkway cleaning,Phrase,deck|siding|fence|gazebo|arbor|trellis|pergola|furniture|wood|wooden|redwood|cedar|ipe|teak,how to|diy|tutorial|instructions|jobs|job|careers|salary|home depot|lowes|menards|amazon|supplies|materials|kits|prefab|prebuilt|cheap|free|reddit|youtube|stain|staining|seal|sealing|refinish|refinishing|resurface|resurfacing|restore|restoration
Bay Area  Pressure Washing,Walkways and Patios,patio pressure washing,Phrase,deck|siding|fence|gazebo|arbor|trellis|pergola|furniture|wood|wooden|redwood|cedar|ipe|teak,how to|diy|tutorial|instructions|jobs|job|careers|salary|home depot|lowes|menards|amazon|supplies|materials|kits|prefab|prebuilt|cheap|free|reddit|youtube|stain|staining|seal|sealing|refinish|refinishing|resurface|resurfacing|restore|restoration
Bay Area  Pressure Washing,Walkways and Patios,patio cleaning service,Phrase,deck|siding|fence|gazebo|arbor|trellis|pergola|furniture|wood|wooden|redwood|cedar|ipe|teak,how to|diy|tutorial|instructions|jobs|job|careers|salary|home depot|lowes|menards|amazon|supplies|materials|kits|prefab|prebuilt|cheap|free|reddit|youtube|stain|staining|seal|sealing|refinish|refinishing|resurface|resurfacing|restore|restoration
Bay Area  Pressure Washing,Driveway Pressure Washing,driveway pressure washing,Phrase,deck|siding|fence|gazebo|arbor|trellis|pergola|furniture|wood|wooden|redwood|cedar|ipe|teak,how to|diy|tutorial|instructions|jobs|job|careers|salary|home depot|lowes|menards|amazon|supplies|materials|kits|prefab|prebuilt|cheap|free|reddit|youtube|stain|staining|seal|sealing|refinish|refinishing|resurface|resurfacing|restore|restoration

Bay Area  Pressure Washing,Driveway Pressure Washing,concrete driveway cleaning,Phrase,deck|siding|fence|gazebo|arbor|trellis|pergola|furniture|wood|wooden|redwood|cedar|ipe|teak,how to|diy|tutorial|instructions|jobs|job|careers|salary|home depot|lowes|menards|amazon|supplies|materials|kits|prefab|prebuilt|cheap|free|reddit|youtube|stain|staining|seal|sealing|refinish|refinishing|resurface|resurfacing|restore|restoration
